{
    "gt_parse": {
        "header": {
            "InvoiceNumber": "172529",
            "ChassisNumber": "GBDGABRF600125695",
            "CarModel": "Volkswagen Passat",
            "NumberPlate": "UX8760",
            "CompletionDate": "14.05.2022",
            "OrderNumber": "59890",
            "ImmatriculationDate": "15.08.2023",
            "Mileage": "25721"
        },
        "items": [
            {
                "ItemName": "CUSTOMER-FOCUSED COMPOSITE ARCHIVE",
                "ItemID": 84132774,
                "CostNet": 19.77,
                "CostGross": "358.67",
                "Discount": "9.00%",
                "Amount": "6.00"
            },
            {
                "ItemName": "BALANCED LOCAL SECURED LINE",
                "ItemID": 40940338,
                "CostNet": 276.09,
                "CostGross": "403.39",
                "Discount": "6.00%",
                "Amount": "6.00"
            },
            {
                "ItemName": "PRE-EMPTIVE GLOBAL HARDWARE",
                "ItemID": 60659741,
                "CostNet": 283.37,
                "CostGross": "329.86",
                "Discount": "13.00%",
                "Amount": "2.00"
            },
            {
                "ItemName": "ASSIMILATED MOBILE FLEXIBILITY",
                "ItemID": 64734579,
                "CostNet": 199.19,
                "CostGross": "352.62",
                "Discount": "10.00%",
                "Amount": "6.00"
            },
            {
                "ItemName": "USER-FRIENDLY MULTIMEDIA MORATORIUM",
                "ItemID": 16611422,
                "CostNet": 65.24,
                "CostGross": "576.87",
                "Discount": "5.00%",
                "Amount": "7.00"
            },
            {
                "ItemName": "VISION-ORIENTED HIGH-LEVEL PRODUCTI",
                "ItemID": 50323330,
                "CostNet": 24.33,
                "CostGross": "534.53",
                "Discount": "2.00%",
                "Amount": "9.00"
            },
            {
                "ItemName": "CUSTOMIZABLE HOMOGENEOUS CUSTOMER L",
                "ItemID": 64017816,
                "CostNet": 52.64,
                "CostGross": "319.92",
                "Discount": "6.00%",
                "Amount": "4.00"
            }
        ],
        "summary": {
            "TaxAmount1": "44.06",
            "GrossAmount": "1954.06",
            "NetAmount1": "1329.31"
        }
    }
}