{
    "gt_parse": {
        "header": {
            "InvoiceNumber": "553172",
            "ChassisNumber": "YHBFIFQN430151043",
            "CarModel": "Chevrolet Corvette",
            "NumberPlate": "TE2009",
            "CompletionDate": "04.05.2020",
            "OrderNumber": "94214",
            "ImmatriculationDate": "12.02.2020",
            "Mileage": "93505"
        },
        "items": [
            {
                "ItemName": "PUBLIC-KEY ASYMMETRIC APPLICATION",
                "ItemID": 62971766,
                "CostNet": 45.38,
                "CostGross": "392.76",
                "Discount": "3.00%",
                "Amount": "4.00"
            },
            {
                "ItemName": "REVERSE-ENGINEERED NON-VOLATILE PAR",
                "ItemID": 83826039,
                "CostNet": 211.33,
                "CostGross": "572.18",
                "Discount": "3.00%",
                "Amount": "3.00"
            },
            {
                "ItemName": "UP-SIZED REAL-TIME STANDARDIZATION",
                "ItemID": 27961917,
                "CostNet": 215.46,
                "CostGross": "477.31",
                "Discount": "8.00%",
                "Amount": "7.00"
            },
            {
                "ItemName": "PROACTIVE BIFURCATED EMULATION",
                "ItemID": 22501331,
                "CostNet": 131.49,
                "CostGross": "386.76",
                "Discount": "13.00%",
                "Amount": "6.00"
            },
            {
                "ItemName": "TRIPLE-BUFFERED EXUDING SOLUTION",
                "ItemID": 47143247,
                "CostNet": 180.87,
                "CostGross": "319.08",
                "Discount": "1.00%",
                "Amount": "5.00"
            },
            {
                "ItemName": "SHARABLE USER-FACING INFO-MEDIARIES",
                "ItemID": 12689006,
                "CostNet": 96.85,
                "CostGross": "347.38",
                "Discount": "6.00%",
                "Amount": "1.00"
            },
            {
                "ItemName": "UP-SIZED EXECUTIVE ORCHESTRATION",
                "ItemID": 48696960,
                "CostNet": 297.94,
                "CostGross": "343.51",
                "Discount": "9.00%",
                "Amount": "7.00"
            },
            {
                "ItemName": "TOTAL HOLISTIC GRAPHIC INTERFACE",
                "ItemID": 29643868,
                "CostNet": 35.97,
                "CostGross": "397.24",
                "Discount": "7.00%",
                "Amount": "8.00"
            },
            {
                "ItemName": "ERGONOMIC HYBRID INTERFACE",
                "ItemID": 41017991,
                "CostNet": 245.69,
                "CostGross": "363.68",
                "Discount": "1.00%",
                "Amount": "2.00"
            },
            {
                "ItemName": "RE-ENGINEERED NEXT GENERATION TASK-",
                "ItemID": 91612996,
                "CostNet": 203.88,
                "CostGross": "597.37",
                "Discount": "15.00%",
                "Amount": "7.00"
            },
            {
                "ItemName": "EXCLUSIVE RECIPROCAL OPEN ARCHITECT",
                "ItemID": 97718915,
                "CostNet": 265.62,
                "CostGross": "537.81",
                "Discount": "7.00%",
                "Amount": "7.00"
            },
            {
                "ItemName": "OBJECT-BASED MISSION-CRITICAL ENCOD",
                "ItemID": 34524165,
                "CostNet": 255.22,
                "CostGross": "330.77",
                "Discount": "4.00%",
                "Amount": "2.00"
            },
            {
                "ItemName": "PROACTIVE METHODICAL APPLICATION",
                "ItemID": 63245852,
                "CostNet": 17.23,
                "CostGross": "574.28",
                "Discount": "12.00%",
                "Amount": "8.00"
            },
            {
                "ItemName": "SHARABLE SYSTEMIC CAPACITY",
                "ItemID": 31195801,
                "CostNet": 261.38,
                "CostGross": "358.78",
                "Discount": "7.00%",
                "Amount": "6.00"
            },
            {
                "ItemName": "AMELIORATED 6THGENERATION ARTIFICIA",
                "ItemID": 72226624,
                "CostNet": 114.64,
                "CostGross": "360.43",
                "Discount": "1.00%",
                "Amount": "6.00"
            },
            {
                "ItemName": "NETWORKED ASYMMETRIC LEVERAGE",
                "ItemID": 38094966,
                "CostNet": 44.76,
                "CostGross": "554.34",
                "Discount": "12.00%",
                "Amount": "4.00"
            },
            {
                "ItemName": "DECENTRALIZED NON-VOLATILE PRODUCT",
                "ItemID": 52495383,
                "CostNet": 226.31,
                "CostGross": "449.41",
                "Discount": "10.00%",
                "Amount": "5.00"
            }
        ],
        "summary": {
            "TaxAmount1": "25.87",
            "GrossAmount": "710.63",
            "NetAmount1": "583.48"
        }
    }
}