{
    "gt_parse": {
        "header": {
            "InvoiceNumber": "815082",
            "ChassisNumber": "SQORPZKE398951659",
            "CarModel": "Bentley Continental",
            "NumberPlate": "FC2279",
            "CompletionDate": "12.05.2021",
            "OrderNumber": "92832",
            "ImmatriculationDate": "05.12.2020",
            "Mileage": "4915"
        },
        "items": [
            {
                "ItemName": "ADAPTIVE DISCRETE HELP-DESK",
                "ItemID": 55814963,
                "CostNet": 12.85,
                "CostGross": "472.46",
                "Discount": "6.00%",
                "Amount": "10.00"
            },
            {
                "ItemName": "BALANCED HOMOGENEOUS INSTRUCTION SE",
                "ItemID": 14102637,
                "CostNet": 142.34,
                "CostGross": "420.93",
                "Discount": "10.00%",
                "Amount": "4.00"
            },
            {
                "ItemName": "VERSATILE CLEAR-THINKING FIRMWARE",
                "ItemID": 23996614,
                "CostNet": 266.61,
                "CostGross": "319.36",
                "Discount": "13.00%",
                "Amount": "4.00"
            },
            {
                "ItemName": "USER-CENTRIC USER-FACING HUB",
                "ItemID": 54591135,
                "CostNet": 70.86,
                "CostGross": "517.72",
                "Discount": "2.00%",
                "Amount": "1.00"
            },
            {
                "ItemName": "MULTI-LATERAL FULL-RANGE TIME-FRAME",
                "ItemID": 86138925,
                "CostNet": 45.37,
                "CostGross": "369.08",
                "Discount": "3.00%",
                "Amount": "7.00"
            },
            {
                "ItemName": "FUNCTION-BASED GRID-ENABLED PROJECT",
                "ItemID": 70553397,
                "CostNet": 74.01,
                "CostGross": "368.61",
                "Discount": "14.00%",
                "Amount": "7.00"
            },
            {
                "ItemName": "DOWN-SIZED OPTIMAL HUB",
                "ItemID": 29647563,
                "CostNet": 48.58,
                "CostGross": "543.35",
                "Discount": "14.00%",
                "Amount": "10.00"
            },
            {
                "ItemName": "SECURED ATTITUDE-ORIENTED FOCUS GRO",
                "ItemID": 51371378,
                "CostNet": 185.26,
                "CostGross": "552.72",
                "Discount": "9.00%",
                "Amount": "3.00"
            },
            {
                "ItemName": "ERGONOMIC IMPACTFUL MORATORIUM",
                "ItemID": 85439472,
                "CostNet": 227.6,
                "CostGross": "360.22",
                "Discount": "15.00%",
                "Amount": "2.00"
            },
            {
                "ItemName": "PHASED 24/7 CAPACITY",
                "ItemID": 15258782,
                "CostNet": 297.3,
                "CostGross": "484.55",
                "Discount": "7.00%",
                "Amount": "4.00"
            },
            {
                "ItemName": "ASSIMILATED BI-DIRECTIONAL ANALYZER",
                "ItemID": 59827861,
                "CostNet": 41.32,
                "CostGross": "463.77",
                "Discount": "10.00%",
                "Amount": "8.00"
            },
            {
                "ItemName": "REVERSE-ENGINEERED DEMAND-DRIVEN CO",
                "ItemID": 53495379,
                "CostNet": 170.98,
                "CostGross": "300.76",
                "Discount": "2.00%",
                "Amount": "4.00"
            },
            {
                "ItemName": "ENHANCED OBJECT-ORIENTED IMPLEMENTA",
                "ItemID": 34426420,
                "CostNet": 298.83,
                "CostGross": "501.8",
                "Discount": "9.00%",
                "Amount": "5.00"
            },
            {
                "ItemName": "SECURED INTANGIBLE ARCHIVE",
                "ItemID": 93420396,
                "CostNet": 234.14,
                "CostGross": "487.99",
                "Discount": "10.00%",
                "Amount": "6.00"
            },
            {
                "ItemName": "ENHANCED NON-VOLATILE ADAPTER",
                "ItemID": 92376096,
                "CostNet": 46.51,
                "CostGross": "377.91",
                "Discount": "7.00%",
                "Amount": "6.00"
            },
            {
                "ItemName": "FUNCTION-BASED LOCAL HUB",
                "ItemID": 80625447,
                "CostNet": 205.2,
                "CostGross": "495.59",
                "Discount": "14.00%",
                "Amount": "3.00"
            },
            {
                "ItemName": "VISIONARY LOGISTICAL STANDARDIZATIO",
                "ItemID": 30292432,
                "CostNet": 243.45,
                "CostGross": "574.61",
                "Discount": "3.00%",
                "Amount": "3.00"
            },
            {
                "ItemName": "INNOVATIVE MULTI-TASKING APPLICATIO",
                "ItemID": 75014452,
                "CostNet": 139.69,
                "CostGross": "569.34",
                "Discount": "9.00%",
                "Amount": "7.00"
            },
            {
                "ItemName": "RE-CONTEXTUALIZED ZERO TOLERANCE FO",
                "ItemID": 85153113,
                "CostNet": 144.83,
                "CostGross": "306.72",
                "Discount": "6.00%",
                "Amount": "3.00"
            }
        ],
        "summary": {
            "TaxAmount1": "31.7",
            "GrossAmount": "1119.89",
            "NetAmount1": "948.08"
        }
    }
}