{
    "gt_parse": {
        "header": {
            "InvoiceNumber": "501472",
            "ChassisNumber": "GPXMBBNE636457693",
            "CarModel": "Ferrari 488",
            "NumberPlate": "CM1934",
            "CompletionDate": "09.08.2020",
            "OrderNumber": "43208",
            "ImmatriculationDate": "16.06.2021",
            "Mileage": "73814"
        },
        "items": [
            {
                "ItemName": "DIGITIZED COMPOSITE PRICING STRUCTU",
                "ItemID": 58262249,
                "CostNet": 53.23,
                "CostGross": "467.05",
                "Discount": "6.00%",
                "Amount": "10.00"
            },
            {
                "ItemName": "STREAMLINED TERTIARY SECURED LINE",
                "ItemID": 65445330,
                "CostNet": 31.28,
                "CostGross": "574.49",
                "Discount": "12.00%",
                "Amount": "9.00"
            },
            {
                "ItemName": "PERSISTENT NATIONAL FUNCTIONALITIES",
                "ItemID": 56902779,
                "CostNet": 81.89,
                "CostGross": "384.92",
                "Discount": "14.00%",
                "Amount": "7.00"
            },
            {
                "ItemName": "BUSINESS-FOCUSED ACTUATING STRATEGY",
                "ItemID": 81636752,
                "CostNet": 29.99,
                "CostGross": "360.96",
                "Discount": "5.00%",
                "Amount": "9.00"
            },
            {
                "ItemName": "HORIZONTAL DIDACTIC EMULATION",
                "ItemID": 68130997,
                "CostNet": 256.17,
                "CostGross": "575.25",
                "Discount": "8.00%",
                "Amount": "3.00"
            },
            {
                "ItemName": "INTEGRATED SOLUTION-ORIENTED PROCES",
                "ItemID": 67346062,
                "CostNet": 62.02,
                "CostGross": "328.44",
                "Discount": "15.00%",
                "Amount": "9.00"
            },
            {
                "ItemName": "EXPANDED ACTUATING HELP-DESK",
                "ItemID": 35727685,
                "CostNet": 135.21,
                "CostGross": "372.68",
                "Discount": "7.00%",
                "Amount": "4.00"
            },
            {
                "ItemName": "SHARABLE LOCAL HIERARCHY",
                "ItemID": 69979485,
                "CostNet": 96.13,
                "CostGross": "374.98",
                "Discount": "8.00%",
                "Amount": "7.00"
            },
            {
                "ItemName": "CROSS-GROUP CLIENT-SERVER HELP-DESK",
                "ItemID": 25633144,
                "CostNet": 207.95,
                "CostGross": "551.12",
                "Discount": "9.00%",
                "Amount": "9.00"
            },
            {
                "ItemName": "MULTI-LATERAL RADICAL INFRASTRUCTUR",
                "ItemID": 74293210,
                "CostNet": 163.79,
                "CostGross": "362.17",
                "Discount": "12.00%",
                "Amount": "9.00"
            }
        ],
        "summary": {
            "TaxAmount1": "23.69",
            "GrossAmount": "1326.02",
            "NetAmount1": "1413.78"
        }
    }
}